meses_como_cliente;edad;deducible_poliza;genero;capital_ganado;capital_perdido;numero_de_vehiculos_involucrados;afectacion_propiedad;lesiones_corporales;testigos_accidente;reporte_policia_disponible;monto_total_reclamo;fraude_reportado;afectacion_mayor;afectacion_menor;perdida_total;afectacion_trivial
328;48;1000;1;53300;0;1;1;1;2;1;71610;1;1;0;0;0
228;42;2000;1;0;0;1;0;0;0;0;5070;1;0;1;0;0
134;29;2000;0;35100;0;3;0;2;3;0;34650;0;0;1;0;0
256;41;2000;0;48900;-62400;1;0;1;2;0;63400;1;1;0;0;0
228;44;1000;1;66000;-46000;1;0;0;1;0;6500;0;0;1;0;0
256;39;1000;0;0;0;3;0;0;2;0;64100;1;1;0;0;0
137;34;1000;1;0;-77000;3;0;0;0;0;78650;0;0;1;0;0
165;37;1000;1;0;0;3;0;2;2;1;51590;0;0;0;1;0
27;33;500;0;0;0;1;0;1;1;1;27700;0;0;0;1;0
212;42;500;1;0;-39300;1;0;2;1;0;42300;0;0;0;1;0
235;42;500;0;38400;0;1;1;2;2;0;87010;0;0;0;1;0
447;61;2000;0;0;-51000;3;1;1;2;1;114920;0;1;0;0;0
60;23;500;1;0;0;1;1;1;0;0;56520;0;0;0;1;0
121;34;1000;0;52800;-32800;1;0;1;1;0;7280;0;0;1;0;0
180;38;2000;0;41300;-55500;1;0;0;2;1;46200;1;0;0;1;0
473;58;2000;0;55700;0;4;1;0;0;0;63120;1;1;0;0;0
70;26;1000;1;63600;0;3;0;1;2;1;52110;0;1;0;0;0
140;31;500;1;53500;0;1;0;0;2;1;77880;0;0;0;1;0
160;37;500;0;45500;-37800;1;1;1;0;0;72930;0;0;0;1;0
196;39;2000;0;57000;-27300;3;0;2;0;0;60400;0;1;0;0;0
460;62;1000;1;0;0;3;0;1;0;0;47160;0;0;1;0;0
217;41;2000;0;46700;0;3;0;1;2;0;37840;0;0;0;1;0
370;55;2000;1;72700;-68200;3;0;0;0;1;71520;1;1;0;0;0
413;55;2000;1;0;-31000;1;0;2;2;0;98160;1;0;0;1;0
237;40;1000;1;0;-53500;1;0;1;3;0;77880;0;0;1;0;0
8;35;2000;1;0;0;3;0;1;3;1;71500;1;1;0;0;0
257;43;2000;1;0;-29200;1;1;1;3;1;9020;0;0;1;0;0
202;34;500;1;31000;-30200;1;1;2;1;0;5720;1;0;1;0;0
224;40;2000;0;0;-55600;1;0;1;0;1;69840;0;0;1;0;0
241;45;2000;0;0;0;1;0;2;2;0;91650;0;0;1;0;0
64;25;1000;1;53200;0;4;0;0;0;0;75600;0;1;0;0;0
166;37;2000;1;27500;0;3;0;2;2;0;67140;1;1;0;0;0
155;35;1000;0;81100;0;3;1;2;3;0;29790;0;0;0;1;0
114;30;1000;1;51400;-64000;3;0;1;2;0;77110;0;1;0;0;0
149;37;500;1;0;0;1;1;0;1;1;64800;0;0;0;1;0
147;33;1000;1;53300;-49200;1;1;2;0;1;53100;1;1;0;0;0
62;28;1000;0;0;0;1;0;1;1;1;60200;1;0;0;1;0
289;49;2000;0;0;0;1;0;1;1;1;5330;0;0;1;0;0
431;54;2000;0;65700;0;3;0;2;0;0;62300;0;1;0;0;0
199;37;500;1;48500;0;1;0;0;3;0;60170;1;1;0;0;0
79;26;500;1;0;-55700;1;0;2;2;0;40000;0;0;1;0;0
116;34;500;1;0;-24100;1;0;1;1;0;97080;1;1;0;0;0
37;23;500;0;0;-67400;3;1;1;0;0;51660;0;0;1;0;0
106;30;500;0;49700;-60200;1;0;2;2;0;51120;0;0;0;1;0
269;44;2000;1;36400;-28700;1;1;0;2;0;56400;0;0;1;0;0
265;40;1000;0;0;0;3;0;2;3;0;55120;0;0;0;1;0
163;33;500;0;35300;0;3;1;1;1;0;77110;0;0;0;1;0
355;47;2000;1;0;0;3;0;2;1;0;62800;1;1;0;0;0
175;34;1000;0;0;0;1;0;2;0;1;7290;0;0;0;0;1
192;35;1000;0;0;-40300;1;0;0;0;0;76600;0;0;0;1;0
430;59;2000;1;0;0;3;0;0;3;1;81800;0;0;1;0;0
91;27;2000;0;0;0;1;0;1;2;0;7260;0;0;0;0;1
217;39;1000;1;0;0;1;0;2;1;1;4300;0;0;1;0;0
223;40;500;0;88400;-46500;3;1;1;0;0;70510;0;1;0;0;0
195;39;1000;1;47600;-39600;1;0;0;1;1;2640;0;0;1;0;0
22;26;1000;1;71500;0;1;1;1;2;0;78900;0;0;1;0;0
439;56;500;0;36100;-55000;3;0;2;3;0;56430;0;1;0;0;0
94;32;1000;0;0;0;1;0;1;3;0;2400;0;0;1;0;0
11;39;2000;1;56600;-45800;1;1;0;1;0;65790;0;0;0;1;0
151;36;2000;0;94800;-58500;3;0;1;1;0;62920;0;0;1;0;0
154;34;500;1;36900;0;3;1;2;1;0;69480;1;1;0;0;0
245;44;1000;1;69100;0;3;0;0;3;0;44280;0;0;0;1;0
119;32;1000;1;0;-49500;1;0;0;3;1;56300;0;0;1;0;0
215;42;500;1;0;-49000;3;1;2;2;1;68520;1;1;0;0;0
295;42;2000;1;62400;0;3;0;0;0;0;59130;1;0;0;1;0
254;39;500;0;35700;0;3;1;2;2;0;82320;1;0;1;0;0
107;31;500;0;43400;-91200;1;1;0;1;0;89700;1;0;1;0;0
478;64;500;0;59600;0;3;0;1;1;0;33930;0;0;1;0;0
128;30;1000;1;43300;-66200;1;0;0;3;0;68530;0;1;0;0;0
338;49;1000;1;0;-51500;1;0;0;1;0;4300;0;0;1;0;0
271;42;500;0;56200;-50000;2;0;2;3;0;68310;1;1;0;0;0
222;41;2000;0;37800;-50300;1;0;0;2;0;61290;1;0;0;1;0
199;41;1000;0;0;0;1;0;1;2;0;30100;0;0;1;0;0
215;37;500;0;0;-42900;3;0;2;0;1;57120;0;0;1;0;0
192;40;1000;0;0;0;3;1;1;0;1;42930;0;0;1;0;0
120;35;1000;0;78300;0;3;0;2;0;0;51210;0;0;0;1;0
270;45;1000;0;0;-19700;3;0;1;1;1;89400;0;0;1;0;0
319;47;500;1;0;0;3;0;0;2;0;59730;0;0;0;1;0
194;39;1000;0;0;-45000;1;1;2;2;1;8060;0;0;1;0;0
227;38;500;0;0;0;1;0;1;2;0;72200;1;1;0;0;0
137;31;2000;1;52700;-40600;3;0;1;2;0;50800;0;0;1;0;0
244;40;2000;0;0;0;1;0;2;1;0;6600;0;0;0;0;1
78;29;1000;1;0;0;1;1;2;2;0;7500;0;0;1;0;0
200;35;2000;1;57300;-80600;1;0;0;3;1;6490;0;0;0;0;1
284;48;2000;1;0;-44200;2;0;2;3;0;60940;1;1;0;0;0
275;41;2000;1;35700;0;3;1;0;1;0;58300;0;1;0;0;0
153;34;1000;0;800;0;3;0;2;1;0;68400;0;0;1;0;0
134;32;500;0;36400;0;1;0;2;1;1;64240;0;0;0;1;0
31;36;2000;0;0;-78600;1;0;0;1;1;4700;0;0;0;0;1
41;25;1000;0;0;-56100;3;1;2;0;0;45120;1;1;0;0;0
127;29;2000;0;0;0;2;1;1;1;0;66950;0;0;0;1;0
61;23;2000;0;0;-62400;1;0;0;3;0;98340;1;1;0;0;0
207;42;2000;1;55200;0;1;0;0;1;0;5900;0;0;0;0;1
219;43;1000;0;90700;-20800;3;0;1;1;0;70680;0;1;0;0;0
271;42;500;0;0;0;3;0;1;0;0;93720;0;0;0;1;0
80;25;2000;0;67700;-58400;1;0;2;0;1;6930;0;0;1;0;0
325;47;1000;0;61500;0;1;1;0;3;0;72930;1;1;0;0;0
29;25;2000;1;0;-71700;4;1;1;2;1;64890;1;0;1;0;0
295;48;1000;0;0;0;1;0;1;2;1;5400;0;0;0;0;1
239;42;1000;1;0;0;1;0;0;0;0;5600;0;0;0;0;1
269;41;500;0;0;-72300;1;1;0;0;0;79300;0;0;1;0;0
80;27;1000;0;0;0;1;1;1;0;1;52800;0;1;0;0;0
279;41;500;0;37300;-31700;3;0;2;3;0;28800;0;0;1;0;0
165;33;1000;0;35300;-58100;1;0;1;1;0;2970;0;0;1;0;0
350;54;500;1;50500;0;3;0;0;0;0;93480;0;0;0;1;0
295;49;500;1;34300;-24300;1;1;1;3;1;4320;0;0;1;0;0
464;61;1000;0;0;-56400;3;0;0;2;1;79800;1;1;0;0;0
118;28;2000;0;0;-57000;2;0;1;0;0;74200;0;1;0;0;0
298;47;2000;0;28800;0;1;0;0;0;0;70590;1;1;0;0;0
87;31;1000;0;0;-47500;3;0;0;3;1;60940;1;1;0;0;0
261;42;500;0;0;0;1;0;1;2;1;74700;0;0;1;0;0
453;60;500;1;52600;-38800;1;1;0;0;0;70000;1;1;0;0;0
210;41;500;1;0;-41000;3;0;2;0;0;81070;0;0;0;1;0
168;32;1000;1;0;-40600;2;0;1;1;0;57720;0;1;0;0;0
390;51;2000;1;0;0;1;1;1;1;1;7080;0;0;1;0;0
258;46;1000;1;34400;-56800;3;0;0;1;0;47700;1;0;0;1;0
107;31;2000;0;62000;-63100;1;0;0;3;0;51260;0;0;1;0;0
225;41;2000;1;41200;-36200;3;0;2;2;0;70400;1;1;0;0;0
164;38;2000;0;44300;0;1;0;1;3;1;90000;0;0;1;0;0
245;39;500;0;58000;0;3;0;0;1;0;72820;0;0;1;0;0
255;41;2000;1;0;0;1;0;2;0;0;69300;0;0;1;0;0
206;36;500;0;0;-53700;1;0;2;1;0;76560;1;1;0;0;0
203;38;500;0;0;0;1;0;0;1;1;55440;1;1;0;0;0
22;25;2000;0;51100;0;4;1;1;0;0;77130;0;0;0;1;0
211;35;500;0;0;0;1;1;1;1;0;42000;0;0;0;1;0
206;39;1000;1;47200;-69700;3;0;2;3;1;36300;0;0;0;1;0
166;38;2000;1;59600;-32100;1;0;0;0;0;40320;0;0;0;1;0
165;32;500;0;70500;0;1;0;2;0;0;3960;0;0;1;0;0
274;43;2000;1;40700;-47300;1;1;0;3;1;63840;1;1;0;0;0
81;28;1000;0;42400;0;3;0;1;2;0;44730;1;1;0;0;0
280;45;1000;1;57900;0;3;1;1;2;0;84720;0;0;1;0;0
194;39;500;1;0;0;3;0;2;2;0;61500;0;1;0;0;0
112;27;500;0;60000;-54800;3;0;0;1;0;51000;0;1;0;0;0
24;33;1000;0;0;-45200;1;0;2;1;0;46800;0;0;0;1;0
93;32;2000;1;65300;-65600;1;0;1;1;0;78120;0;0;1;0;0
171;34;2000;0;84900;0;1;0;1;2;0;69200;1;1;0;0;0
200;40;1000;0;45300;-20400;1;0;0;0;0;3690;0;0;1;0;0
120;28;1000;0;68900;0;3;0;0;3;0;65500;0;0;1;0;0
325;46;500;0;46300;-77500;3;0;1;2;1;76120;0;0;1;0;0
124;32;1000;0;0;-43200;3;0;0;2;1;73560;0;0;0;1;0
211;35;2000;1;76000;0;1;1;0;1;0;52030;0;0;0;1;0
287;41;2000;1;0;-49000;1;0;2;3;0;5170;0;0;0;0;1
122;34;1000;1;58600;-28700;1;0;2;1;1;8190;0;0;1;0;0
22;29;2000;1;0;-56200;1;0;2;3;0;70800;1;1;0;0;0
106;31;2000;0;54100;0;3;0;0;3;1;45630;0;0;0;1;0
398;58;500;0;0;-57900;1;1;2;1;0;99320;1;1;0;0;0
214;41;500;1;0;-57100;3;0;2;0;0;64000;1;1;0;0;0
209;38;500;0;58100;0;1;0;1;1;0;47300;0;0;1;0;0
82;27;1000;1;13100;-38200;1;0;2;3;0;71680;1;1;0;0;0
193;41;500;0;0;0;1;0;1;0;1;112320;1;1;0;0;0
134;32;1000;0;0;0;1;0;1;0;0;82720;0;0;0;1;0
288;45;1000;1;0;0;3;0;2;1;0;48060;0;1;0;0;0
104;32;500;1;31900;-44600;3;1;1;3;1;63570;1;0;0;1;0
431;54;1000;0;17600;0;3;0;2;3;0;63240;0;0;0;1;0
101;33;1000;0;52000;-44500;3;0;1;3;0;54240;1;0;1;0;0
375;50;1000;1;0;0;1;1;2;3;0;37280;1;1;0;0;0
461;61;2000;1;0;0;3;0;2;1;1;72100;0;0;1;0;0
428;59;500;0;0;0;1;0;2;3;0;6500;0;0;1;0;0
45;38;1000;1;29000;0;3;0;2;0;0;78240;0;0;0;1;0
136;29;500;0;62500;-66900;1;0;2;0;0;6200;0;0;1;0;0
216;36;1000;0;39600;-82400;1;1;2;3;0;6160;0;0;1;0;0
278;48;2000;0;0;-54000;1;0;2;0;0;76050;0;0;0;1;0
295;48;1000;0;49700;-59100;2;0;2;1;1;86060;0;0;0;1;0
112;30;1000;0;47700;-59300;1;1;2;0;0;107900;1;1;0;0;0
122;34;500;0;38100;-31400;3;0;2;0;1;99990;0;0;0;1;0
108;29;1000;0;71400;0;3;0;2;2;1;61380;0;0;1;0;0
14;28;2000;0;0;-26900;1;0;2;1;1;71280;1;1;0;0;0
298;45;1000;1;0;-51100;3;0;0;0;0;64000;0;0;1;0;0
276;46;500;0;0;-50000;1;0;0;1;0;5940;0;0;0;0;1
47;37;2000;1;75400;0;1;0;1;0;0;6700;0;0;1;0;0
222;42;500;1;0;0;3;1;0;0;0;51740;0;0;1;0;0
119;28;2000;1;88800;0;1;0;0;1;1;53600;1;0;0;1;0
73;29;1000;1;35100;-59900;3;1;1;0;0;44910;0;0;0;1;0
8;31;500;0;0;-88300;3;0;0;2;1;48100;0;1;0;0;0
294;44;1000;0;53900;0;1;0;0;1;0;6100;0;0;0;0;1
324;46;2000;1;0;-41300;1;0;1;0;1;79600;0;0;1;0;0
155;34;500;1;0;0;1;0;1;1;1;77040;0;0;1;0;0
261;45;1000;0;0;-45100;1;1;0;1;0;62590;0;0;1;0;0
245;40;500;0;27000;-58900;1;1;0;1;0;85150;0;0;0;1;0
235;39;500;1;0;-31700;1;0;2;1;0;4950;0;0;0;0;1
53;36;2000;1;72200;0;3;0;2;0;1;51100;0;1;0;0;0
426;54;2000;0;29600;-22300;1;1;2;3;0;100800;0;0;1;0;0
111;27;500;0;51100;0;1;1;2;3;0;90970;0;0;0;1;0
86;26;500;1;0;-30300;1;0;1;1;1;81840;1;0;1;0;0
296;46;1000;1;0;0;1;0;0;2;0;54900;0;1;0;0;0
125;35;500;1;0;-51300;1;1;2;3;0;88660;1;0;0;1;0
177;34;2000;0;0;-57700;3;0;1;1;0;18000;0;0;0;1;0
238;39;2000;0;0;-39200;1;1;1;3;1;5500;0;0;1;0;0
81;25;500;0;51000;-67900;3;0;1;0;0;73920;1;1;0;0;0
128;28;1000;0;62700;0;1;0;0;2;1;101860;0;0;0;1;0
449;57;2000;1;25000;0;1;1;0;1;1;5390;0;0;1;0;0
252;39;1000;1;68500;-57500;1;0;1;2;0;50490;0;0;1;0;0
359;47;2000;0;0;0;1;0;0;3;0;55500;0;0;0;1;0
19;32;1000;1;42900;-90200;1;1;1;1;1;7040;0;0;1;0;0
73;26;2000;1;29300;0;3;0;0;1;1;40160;0;0;0;1;0
285;44;1000;1;0;0;2;1;2;3;0;55680;0;0;0;1;0
196;36;2000;1;0;0;1;0;1;1;0;5300;1;0;0;0;1
223;43;500;0;0;0;1;1;0;3;0;5200;0;0;0;0;1
328;48;500;1;45100;-32800;1;1;2;1;0;59400;0;1;0;0;0
285;43;2000;0;47600;0;1;0;1;1;0;2520;0;0;1;0;0
30;31;2000;1;0;0;1;0;2;1;1;5760;0;0;0;0;1
342;49;500;1;63100;-13800;1;0;2;0;1;76700;0;0;1;0;0
219;39;2000;0;0;0;1;0;0;2;0;5920;0;0;0;0;1
468;62;500;1;0;0;3;1;0;3;0;64350;0;1;0;0;0
241;39;2000;1;0;0;3;0;1;2;0;19080;0;0;0;1;0
223;43;500;0;66400;-34400;1;0;2;1;0;54400;0;0;1;0;0
128;32;2000;0;0;-39300;1;0;1;0;0;59800;1;0;0;1;0
124;29;500;1;0;0;3;0;0;3;1;72000;0;1;0;0;0
343;48;500;1;0;0;4;0;2;3;0;65070;0;0;0;1;0
404;53;500;1;25500;-36700;1;0;0;1;0;8800;0;0;0;0;1
63;24;2000;0;0;0;1;0;2;0;0;6120;0;0;1;0;0
210;37;2000;1;59900;0;1;0;1;2;0;7080;0;0;0;0;1
335;50;1000;1;62200;-31400;3;1;2;3;1;34320;0;0;1;0;0
11;40;2000;0;24000;0;3;0;1;0;0;53460;1;1;0;0;0
142;33;2000;0;0;0;1;1;1;3;0;81360;1;0;0;1;0
272;43;1000;1;0;0;3;0;1;2;1;81070;1;0;1;0;0
69;26;2000;0;0;0;1;0;2;2;0;63120;0;0;1;0;0
38;28;1000;1;0;-39700;1;0;2;1;0;7200;0;0;0;0;1
328;46;500;0;24800;0;1;0;2;3;0;70290;1;0;0;1;0
281;43;1000;1;0;0;3;0;1;0;0;60190;0;0;1;0;0
246;44;2000;1;0;-58600;1;1;1;2;1;61380;1;1;0;0;0
298;49;500;0;47800;0;1;0;2;2;0;28100;0;0;1;0;0
330;50;1000;0;0;0;1;1;0;0;0;49060;0;0;0;1;0
362;50;500;1;53000;-72500;3;0;1;1;0;57060;0;0;0;1;0
241;38;2000;0;0;0;3;0;0;3;1;77880;0;1;0;0;0
245;41;2000;1;24400;-60500;1;1;0;1;1;73500;0;0;0;1;0
371;52;1000;0;0;-37100;2;1;2;0;0;88920;0;0;1;0;0
343;52;1000;0;0;0;1;0;0;2;0;47630;1;1;0;0;0
377;53;500;0;0;-64000;3;1;1;3;0;59040;0;0;0;1;0
154;37;1000;0;0;-67800;1;0;0;3;0;79530;0;0;1;0;0
166;34;1000;0;65600;-68200;1;0;0;2;1;53680;0;0;0;1;0
298;46;1000;1;36900;-55000;1;0;2;3;1;33550;0;0;1;0;0
235;42;500;0;39900;-60200;4;0;2;1;1;69100;0;0;0;1;0
172;35;2000;1;63600;-68700;3;0;2;0;0;79750;0;1;0;0;0
27;28;2000;1;0;-32500;3;0;0;2;1;53600;1;1;0;0;0
428;54;2000;1;0;-24400;3;0;1;0;0;76560;0;0;1;0;0
99;32;1000;1;0;0;1;1;1;1;0;41130;0;0;0;1;0
107;26;2000;1;40600;0;3;0;2;3;0;78650;1;0;0;1;0
272;41;2000;0;33300;-10600;1;0;1;1;0;71060;0;1;0;0;0
151;37;1000;0;54000;0;1;1;1;1;0;38830;0;0;1;0;0
249;43;1000;0;0;0;1;0;0;0;1;53500;0;1;0;0;0
177;38;2000;0;0;-74500;1;1;2;0;0;73700;1;1;0;0;0
190;40;2000;0;36900;-53700;1;0;2;1;1;6300;0;0;0;0;1
174;36;2000;0;53200;-53800;3;0;2;2;0;65400;0;0;0;1;0
95;28;1000;1;0;-70300;1;1;1;2;0;3200;0;0;0;0;1
371;51;1000;0;60300;-24700;1;1;0;3;1;75400;1;1;0;0;0
2;28;1000;0;0;0;1;1;0;2;1;58140;0;0;1;0;0
269;44;500;0;0;-41400;3;0;0;1;0;98670;1;0;0;1;0
101;27;1000;1;25900;0;1;0;0;3;0;5900;0;0;1;0;0
94;30;2000;0;0;-52600;1;0;1;3;1;64100;0;1;0;0;0
117;28;500;0;47500;-32500;2;1;0;1;0;55440;1;0;0;1;0
111;27;500;1;0;0;3;0;1;2;0;80850;1;1;0;0;0
242;40;500;0;0;-44600;1;1;1;1;0;7480;0;0;0;0;1
440;61;500;1;41500;-70200;1;0;2;3;0;53640;1;1;0;0;0
20;23;1000;0;0;0;3;0;2;2;0;63250;1;1;0;0;0
461;57;500;0;0;0;3;0;0;1;0;59040;0;1;0;0;0
208;36;500;1;0;0;3;1;1;0;1;50500;0;0;0;1;0
279;43;2000;1;0;0;1;1;0;1;0;57690;1;1;0;0;0
244;40;500;0;0;0;1;1;1;3;1;5940;0;0;0;0;1
134;30;2000;0;0;0;3;0;0;2;1;47790;1;1;0;0;0
122;29;1000;0;0;-47100;1;0;0;1;0;3850;0;0;0;0;1
156;31;2000;1;0;0;1;0;2;0;0;59000;1;1;0;0;0
232;43;500;1;0;-33600;3;0;0;1;0;70600;1;1;0;0;0
244;40;2000;1;0;-45000;3;0;1;1;0;61490;0;0;1;0;0
84;30;2000;0;44400;-51500;1;0;1;0;1;57640;0;0;1;0;0
394;57;500;0;51500;0;1;0;1;0;0;6890;0;0;0;0;1
246;45;1000;1;34400;-33100;3;0;2;2;0;53280;1;1;0;0;0
35;29;2000;0;52100;-46900;3;0;0;0;0;78300;0;0;1;0;0
156;37;500;1;0;-61000;3;1;0;3;0;41490;0;1;0;0;0
195;36;2000;0;57800;-53300;3;1;2;3;1;68970;0;0;0;1;0
369;55;2000;1;55400;0;3;0;2;0;1;85300;0;0;1;0;0
271;40;1000;0;71200;0;1;0;0;0;0;3080;0;0;1;0;0
332;47;2000;1;91900;0;4;1;2;0;0;71760;1;1;0;0;0
107;26;500;0;62800;0;3;0;1;0;0;59700;0;0;1;0;0
217;39;2000;0;49900;-19800;3;0;0;2;0;64920;0;0;1;0;0
243;43;500;0;0;-75700;3;0;0;1;0;37530;0;1;0;0;0
296;42;2000;1;53100;-63400;3;1;1;2;0;64080;0;0;0;1;0
264;41;500;1;55600;0;1;0;1;0;0;60390;1;0;1;0;0
108;33;2000;0;0;0;3;0;0;1;1;64350;1;1;0;0;0
32;38;500;0;0;0;3;1;2;1;1;70900;0;0;1;0;0
259;39;1000;0;0;-83900;3;0;1;3;0;46560;0;0;1;0;0
186;33;1000;0;37600;-37600;1;0;2;1;0;4730;1;0;0;0;1
201;40;2000;0;0;0;1;1;0;0;1;6820;0;0;1;0;0
436;58;2000;1;47400;-27600;1;0;0;2;0;59900;1;1;0;0;0
189;36;2000;0;0;-49400;3;0;1;3;1;79560;0;1;0;0;0
105;33;500;0;0;-40900;1;1;0;1;0;70290;0;0;0;1;0
163;31;1000;1;26900;0;3;1;2;0;0;63910;0;0;0;1;0
219;40;500;0;68700;0;1;0;1;0;0;6400;0;0;0;0;1
88;25;1000;0;0;0;1;1;1;2;1;66780;1;1;0;0;0
40;39;1000;0;0;-33300;1;0;0;2;0;8760;0;0;1;0;0
284;42;500;1;0;0;1;1;0;1;0;94160;0;1;0;0;0
59;40;2000;1;64200;-32300;3;0;0;2;0;51570;0;0;0;1;0
39;31;2000;0;0;-15700;3;0;1;0;0;52700;1;1;0;0;0
147;34;1000;1;0;-48300;1;1;2;2;0;101010;0;0;1;0;0
156;37;500;1;0;-51800;4;0;1;2;1;53400;1;0;1;0;0
123;31;500;0;0;-54600;1;0;1;2;0;72120;0;0;0;1;0
231;43;2000;1;0;-58100;3;1;2;2;1;77100;0;0;1;0;0
247;39;500;0;0;0;1;0;2;3;0;3300;0;0;0;0;1
194;35;500;0;0;0;1;1;1;0;0;5940;0;0;1;0;0
119;27;2000;1;27100;0;2;0;1;0;0;63720;0;1;0;0;0
259;43;500;0;0;-39300;1;0;1;3;0;7680;0;0;0;0;1
107;31;2000;1;20000;-82700;3;1;1;2;0;93730;0;0;0;1;0
48;44;2000;1;34000;-55600;3;1;0;2;0;87300;0;1;0;0;0
267;40;500;1;0;-35200;1;0;0;2;0;5670;0;0;0;0;1
286;47;500;1;54100;-77600;3;1;0;0;0;65800;0;0;1;0;0
175;34;500;0;82400;-57100;1;0;2;1;1;36720;1;1;0;0;0
111;29;500;0;0;0;1;0;1;1;1;52800;1;1;0;0;0
151;37;500;0;44000;0;3;0;1;2;1;59100;1;0;0;1;0
156;37;1000;1;0;-53800;3;0;1;1;1;77440;0;0;0;1;0
165;36;2000;1;0;-39700;3;0;2;2;0;45700;0;0;0;1;0
253;41;2000;0;81300;0;3;0;2;2;1;80740;1;1;0;0;0
10;26;2000;1;0;-22200;3;0;0;3;0;31350;1;1;0;0;0
158;33;2000;0;0;-38600;1;0;0;0;0;35000;0;0;0;1;0
436;59;1000;1;39000;0;3;0;2;2;0;68000;0;0;0;1;0
91;30;2000;0;43900;0;3;1;2;0;0;84500;0;0;1;0;0
256;42;1000;0;0;-39500;1;0;2;1;0;75500;0;0;1;0;0
274;46;1000;1;0;0;3;0;1;3;0;90600;0;0;0;1;0
275;45;2000;0;39400;-63900;3;1;1;1;0;64320;0;0;0;1;0
1;33;500;0;0;0;3;0;1;0;0;31700;0;0;1;0;0
85;30;1000;1;51600;-73900;1;1;0;1;1;74280;1;1;0;0;0
233;37;2000;0;61600;-30200;1;1;0;2;1;80520;0;0;0;1;0
142;30;2000;1;58500;-46800;3;1;0;3;1;63600;0;1;0;0;0
266;44;500;1;0;0;1;0;1;2;1;32800;0;0;0;1;0
350;50;500;0;0;0;3;0;0;2;0;44190;0;0;0;1;0
97;26;1000;1;0;0;2;1;2;2;0;50400;1;1;0;0;0
399;55;2000;1;0;-65400;3;1;1;1;1;88400;0;0;0;1;0
305;49;2000;0;0;-42100;3;1;0;2;0;66550;0;0;0;1;0
276;47;1000;1;0;0;3;1;0;0;0;65780;0;0;1;0;0
257;40;500;1;0;0;3;0;0;2;1;51810;1;1;0;0;0
78;31;1000;1;0;-27900;1;0;1;0;0;55660;1;1;0;0;0
129;28;1000;1;0;0;1;0;2;3;0;44640;0;1;0;0;0
283;46;2000;0;53500;-73600;3;0;1;3;0;77660;1;1;0;0;0
85;25;500;0;67000;-53600;1;0;2;2;0;5640;0;0;0;0;1
101;26;1000;0;0;0;1;0;2;2;0;3190;0;0;0;0;1
96;30;500;1;38900;-48700;1;0;0;0;1;53440;0;0;0;1;0
121;31;1000;0;0;0;1;0;0;1;1;65250;0;0;1;0;0
176;39;500;1;0;-56600;3;0;2;1;0;44280;0;0;1;0;0
159;37;1000;1;0;-53700;1;1;2;0;0;70290;0;0;0;1;0
120;30;500;0;39600;-64300;1;0;1;1;1;87100;0;0;1;0;0
212;35;2000;1;35400;-49200;3;0;1;3;0;50380;0;0;0;1;0
290;45;500;0;0;-61000;3;1;2;2;0;64800;1;0;0;1;0
299;42;2000;0;25000;0;1;1;1;3;0;70400;0;0;1;0;0
66;26;1000;1;0;0;1;0;2;2;1;57860;1;1;0;0;0
334;47;500;1;0;0;1;0;0;3;0;6240;0;0;1;0;0
216;38;1000;0;0;0;1;0;2;3;0;66600;1;0;0;1;0
86;28;2000;1;75800;0;1;1;0;2;1;70920;0;0;1;0;0
429;56;1000;1;67400;-43800;1;1;2;0;1;39480;0;0;1;0;0
257;43;2000;0;46400;-74300;1;0;2;2;1;63240;0;0;0;1;0
15;34;1000;1;56700;0;3;1;1;0;0;67650;0;0;0;1;0
230;39;1000;0;68600;-22300;1;0;1;3;0;74200;1;1;0;0;0
250;43;1000;0;47900;-73400;1;1;1;3;0;64900;0;0;1;0;0
270;44;2000;0;47200;0;3;0;1;0;0;35900;1;1;0;0;0
65;26;500;0;0;-41500;1;0;1;3;0;52200;0;0;1;0;0
475;57;500;1;67400;-83200;1;0;0;2;0;78000;0;0;1;0;0
77;27;2000;0;56400;-32800;3;1;0;0;0;67200;0;0;1;0;0
256;43;500;0;56700;-65600;1;0;0;0;0;63250;0;0;0;1;0
229;37;2000;0;65600;0;3;1;1;1;1;68760;0;1;0;0;0
110;28;1000;1;30400;0;3;1;0;2;0;65040;0;0;1;0;0
177;33;1000;1;0;-13200;1;0;1;3;0;82800;1;1;0;0;0
292;44;500;1;0;0;1;0;1;0;1;61700;0;0;0;1;0
451;61;2000;0;0;-42600;3;1;2;1;1;78100;1;1;0;0;0
61;24;500;0;47400;0;3;1;2;1;0;65520;1;1;0;0;0
150;30;1000;1;0;0;1;1;0;2;0;4500;0;0;0;0;1
283;41;500;0;60700;-54300;3;0;0;2;0;42700;1;1;0;0;0
291;46;1000;0;0;-55300;1;0;2;2;1;5580;1;0;1;0;0
162;31;1000;0;30700;0;1;0;0;0;0;3600;1;0;1;0;0
154;36;2000;0;68500;0;1;0;2;0;0;2800;0;0;0;0;1
289;47;2000;0;73000;-37900;1;0;1;0;1;54000;0;0;1;0;0
10;19;1000;0;0;-60700;1;0;0;2;0;48950;1;0;1;0;0
309;47;500;1;69400;0;4;1;0;1;0;77800;0;1;0;0;0
396;57;1000;1;0;-22400;3;1;2;1;0;52560;0;1;0;0;0
273;41;1000;0;0;0;2;0;1;2;1;44110;0;0;0;1;0
129;30;2000;0;51500;0;1;0;1;3;0;74360;0;0;0;1;0
140;31;2000;0;59000;0;1;1;1;2;0;6120;1;0;1;0;0
419;53;2000;1;45700;0;4;0;0;0;1;62280;0;0;1;0;0
315;44;1000;0;0;-56800;3;0;1;0;1;26730;0;0;0;1;0
72;29;500;0;0;-85900;1;0;1;0;0;66200;0;1;0;0;0
32;26;2000;1;0;-79800;1;0;1;2;0;45500;0;0;0;1;0
230;41;1000;1;0;0;3;0;2;0;0;53040;0;0;1;0;0
157;32;2000;1;0;-54100;3;0;1;2;0;50800;1;1;0;0;0
265;41;2000;0;81800;0;3;0;1;3;0;44200;0;0;0;1;0
47;34;500;0;64800;-24300;1;1;1;3;0;62920;0;0;1;0;0
113;29;2000;1;36100;-42300;3;0;0;2;1;49950;1;0;1;0;0
289;46;2000;1;0;0;1;1;0;1;1;56430;1;0;1;0;0
254;41;2000;0;0;0;1;0;2;2;1;100210;0;0;1;0;0
115;30;500;1;46400;0;3;0;1;0;1;49140;0;0;1;0;0
236;38;1000;0;0;-62500;1;0;0;1;0;66840;0;1;0;0;0
7;21;1000;1;0;-45300;1;0;1;2;0;62460;0;0;0;1;0
208;36;2000;1;0;0;3;1;0;1;0;62810;0;0;0;1;0
126;33;1000;0;36700;-73400;1;1;1;2;0;54160;0;1;0;0;0
48;35;500;0;0;-51000;1;1;0;2;0;48400;0;1;0;0;0
297;48;1000;1;54900;-36700;3;0;0;0;0;51480;0;0;0;1;0
160;36;1000;0;0;-36600;3;0;2;1;0;51700;0;0;0;1;0
406;58;2000;1;0;-42700;3;0;1;2;0;65520;0;0;0;1;0
157;31;500;1;40700;-41600;4;0;2;2;0;47700;1;1;0;0;0
146;31;2000;0;61400;-57500;1;1;2;0;0;5220;0;0;1;0;0
409;57;1000;1;55600;0;1;0;1;0;0;73320;0;1;0;0;0
252;46;1000;1;0;-28800;1;1;0;2;1;74900;0;0;1;0;0
6;27;500;0;0;-47400;1;0;0;1;1;3190;0;0;0;0;1
103;33;1000;1;0;0;1;0;1;0;1;76920;0;0;1;0;0
369;53;2000;0;0;0;2;1;1;3;0;77990;0;0;0;1;0
261;46;1000;1;0;0;1;1;1;0;0;59670;0;0;0;1;0
159;33;2000;0;69200;-36900;3;1;2;0;0;44880;1;1;0;0;0
344;51;2000;1;0;0;1;0;0;2;0;82830;0;0;1;0;0
437;60;1000;0;48800;0;1;0;1;3;0;84480;1;0;1;0;0
65;30;500;0;0;-66300;3;0;2;3;0;79800;0;0;0;1;0
280;41;2000;1;29300;-64700;3;0;0;3;1;53020;0;0;1;0;0
269;45;500;0;54800;-64100;3;0;0;0;0;24200;0;0;0;1;0
275;40;2000;1;0;-45300;1;0;1;3;1;43230;0;0;1;0;0
265;45;500;0;0;0;1;0;2;3;0;3190;0;0;0;0;1
283;43;2000;0;0;-50400;1;0;0;3;0;5850;0;0;1;0;0
84;29;1000;0;0;-29900;1;1;2;0;1;6820;0;0;0;0;1
247;44;2000;0;64000;0;3;0;2;2;0;69480;0;0;1;0;0
56;29;1000;1;0;0;3;0;1;2;1;94560;0;1;0;0;0
210;39;1000;1;0;0;1;1;1;2;0;7800;0;0;1;0;0
108;32;2000;0;63900;-43700;1;0;1;3;0;61270;0;0;0;1;0
328;49;500;0;0;0;1;0;0;2;1;71440;0;0;0;1;0
186;37;2000;0;0;0;1;1;1;2;1;55600;0;0;0;1;0
277;44;500;1;0;0;1;0;1;3;0;5000;0;0;0;0;1
138;33;500;0;56900;-56900;1;0;2;0;0;95810;0;0;1;0;0
208;41;1000;0;0;0;1;0;2;2;0;69300;0;1;0;0;0
147;37;1000;1;0;0;1;0;1;0;0;81120;0;0;0;1;0
8;21;500;1;0;0;1;0;0;0;0;91260;0;1;0;0;0
297;48;1000;0;0;-54700;1;0;0;0;0;60600;0;0;1;0;0
150;31;1000;1;52800;0;3;0;0;3;1;64800;1;1;0;0;0
4;34;500;0;0;0;4;0;0;0;0;66880;1;1;0;0;0
210;35;1000;1;44900;-91400;1;0;0;2;0;58200;0;0;0;1;0
91;31;1000;0;63600;0;1;0;1;0;0;60570;0;0;1;0;0
167;36;1000;0;0;-38400;3;0;0;0;0;69680;1;1;0;0;0
467;58;2000;1;82200;0;1;1;2;3;0;55700;0;0;0;1;0
264;47;2000;0;0;-67400;4;1;1;2;1;62370;0;0;0;1;0
270;45;500;0;83200;-53300;3;0;0;0;1;54340;0;0;0;1;0
310;48;1000;0;0;0;1;1;1;0;0;55170;1;1;0;0;0
143;34;500;1;67900;0;1;0;2;3;1;58500;0;0;1;0;0
146;32;2000;1;0;0;1;0;0;3;0;59940;0;1;0;0;0
102;28;500;1;55200;0;1;0;1;0;0;73400;0;0;0;1;0
61;23;500;1;54600;0;1;0;1;2;0;41850;0;1;0;0;0
255;44;2000;0;68500;0;1;0;2;2;0;6400;1;0;0;0;1
211;40;1000;0;0;0;1;0;1;1;0;3190;0;0;0;0;1
61;29;1000;1;0;-66000;1;1;2;1;1;5900;0;0;0;0;1
108;31;2000;1;0;0;1;0;0;2;0;57330;0;0;0;1;0
303;50;500;1;54600;-45500;3;0;0;3;0;81960;0;0;0;1;0
152;33;500;0;0;0;1;1;0;0;0;70400;1;1;0;0;0
120;34;1000;0;77900;0;1;0;2;1;0;3770;0;0;1;0;0
144;36;2000;0;23600;-15600;1;0;0;0;0;7400;0;0;1;0;0
414;52;500;0;44000;-71000;1;1;1;1;0;54810;1;0;0;1;0
163;37;500;0;0;-67300;1;1;2;3;1;49400;0;0;0;1;0
352;53;500;1;0;0;1;1;2;2;0;68750;0;0;1;0;0
27;32;500;0;37900;0;1;0;1;0;0;61500;0;0;0;1;0
239;39;500;0;0;0;4;0;0;3;0;76890;0;1;0;0;0
33;32;500;0;70300;-50300;1;1;0;1;0;56070;0;0;1;0;0
88;30;1000;0;42800;-51200;1;0;2;0;1;56000;0;0;0;1;0
101;33;1000;0;12100;0;1;1;1;0;0;4290;0;0;0;0;1
20;37;500;0;33000;-43600;3;0;2;1;0;60750;0;0;0;1;0
126;30;2000;0;46500;-42700;1;0;2;3;0;48730;0;0;1;0;0
264;43;2000;1;0;-8500;3;1;2;0;0;95150;0;0;1;0;0
78;24;500;1;0;0;1;0;0;1;1;7480;0;0;1;0;0
123;28;2000;1;38000;-41200;1;0;2;1;1;79800;1;1;0;0;0
347;51;500;0;0;-12100;1;1;0;2;0;103560;0;0;0;1;0
163;38;2000;0;51700;0;1;1;2;3;0;79500;0;0;1;0;0
271;44;500;0;0;0;1;0;2;2;0;76230;1;0;1;0;0
410;54;2000;1;0;-17000;1;1;0;2;0;59520;0;0;1;0;0
448;57;2000;0;38600;-50300;3;0;2;1;0;47760;1;1;0;0;0
218;41;500;1;37900;-72900;3;0;2;0;0;84590;0;0;0;1;0
43;38;1000;1;64400;0;3;1;2;2;0;61650;0;0;0;1;0
33;33;1000;0;45500;-60600;1;0;2;1;0;81400;0;1;0;0;0
126;34;2000;0;54500;0;3;0;0;1;1;58410;0;1;0;0;0
411;56;1000;0;0;0;3;0;0;0;0;38610;0;1;0;0;0
225;37;1000;0;49600;0;3;0;2;2;0;57600;0;0;1;0;0
35;35;2000;0;0;-51900;3;0;2;2;0;53190;0;0;1;0;0
460;57;2000;0;62500;0;1;0;2;3;0;58300;1;1;0;0;0
195;38;2000;1;38000;-50300;3;1;1;2;0;64620;0;0;1;0;0
360;51;1000;1;0;-62400;3;0;2;0;1;90480;0;0;0;1;0
300;49;1000;0;0;0;1;0;1;0;0;7080;0;0;0;0;1
245;42;1000;1;0;-68900;1;0;2;2;0;6490;1;0;1;0;0
146;36;2000;0;34500;-60600;3;0;1;1;0;55900;0;0;0;1;0
67;29;1000;1;60400;-67800;1;0;0;3;1;63800;1;1;0;0;0
380;56;1000;1;66000;0;1;0;0;1;1;58160;1;0;0;1;0
389;53;2000;1;0;0;1;0;1;2;0;6300;1;0;1;0;0
317;46;1000;1;43700;0;1;0;2;1;0;104610;1;1;0;0;0
264;44;500;1;0;0;3;0;0;2;0;69850;0;1;0;0;0
20;21;1000;0;0;-41200;1;0;0;0;0;62900;0;0;1;0;0
116;30;500;1;0;-35500;3;0;0;3;0;59670;1;1;0;0;0
222;40;1000;1;49600;-49200;2;1;2;0;0;81500;0;0;1;0;0
439;56;500;1;48900;-40900;1;0;2;0;0;50000;0;0;1;0;0
66;28;2000;1;0;-31700;1;0;2;1;0;48290;0;0;0;1;0
128;29;1000;1;0;-76000;1;0;0;0;0;59070;0;0;0;1;0
69;24;500;0;0;0;3;0;0;0;0;63300;0;0;1;0;0
294;46;500;1;0;0;1;0;0;3;1;65780;0;0;0;1;0
19;29;500;1;0;0;3;0;0;2;0;75400;1;0;0;1;0
191;33;2000;1;45000;-30400;1;1;1;1;0;2250;0;0;1;0;0
4;39;1000;0;64200;0;3;1;1;3;0;54120;0;0;1;0;0
298;49;500;1;0;-71700;3;0;0;2;0;69480;0;1;0;0;0
231;43;2000;0;0;0;1;0;1;2;0;66950;0;0;1;0;0
338;47;2000;0;0;-56200;3;0;2;3;0;64100;1;1;0;0;0
261;46;1000;1;0;-49400;1;0;0;3;0;80280;0;0;1;0;0
321;44;2000;1;0;-39100;1;0;1;2;0;4680;0;0;0;0;1
0;32;1000;1;61400;-41100;4;0;1;1;0;39720;0;0;1;0;0
405;58;500;1;0;-46900;1;0;0;0;0;63580;1;1;0;0;0
304;49;1000;0;0;0;1;1;1;1;1;73370;0;0;1;0;0
1;29;500;0;52200;0;1;0;2;3;1;86790;0;0;1;0;0
26;39;1000;1;0;-53700;1;0;0;2;0;49800;0;1;0;0;0
202;38;2000;0;0;-37500;1;1;1;1;0;77440;0;1;0;0;0
289;48;500;0;0;-42700;1;0;1;0;0;42900;0;0;0;1;0
61;26;2000;0;0;-53800;2;1;1;0;0;53820;1;1;0;0;0
334;46;1000;1;0;0;1;0;2;1;0;57330;0;0;1;0;0
12;24;1000;0;51400;0;3;0;2;1;0;53370;0;0;1;0;0
86;29;2000;1;74200;-68100;1;0;2;2;1;62920;0;0;1;0;0
83;24;1000;0;0;0;3;0;0;1;0;61600;0;0;0;1;0
126;30;2000;1;55300;-58400;3;1;2;0;0;74160;0;0;0;1;0
209;38;500;1;38600;-52900;1;0;2;0;0;80100;0;0;0;1;0
283;48;1000;0;0;-46200;1;0;2;3;0;6560;0;0;0;0;1
194;34;1000;1;0;0;1;0;2;1;1;58800;0;0;0;1;0
184;38;1000;0;0;0;3;0;0;2;0;53730;1;0;1;0;0
479;60;2000;0;0;0;1;0;0;0;0;60600;0;0;0;1;0
284;48;1000;0;0;-42400;1;0;0;3;1;35750;0;0;0;1;0
65;27;1000;0;43000;-42500;1;0;1;2;1;42840;0;0;0;1;0
222;39;1000;1;87800;-51200;3;0;1;0;0;87960;1;1;0;0;0
196;41;2000;1;0;-78600;3;0;1;0;0;47800;0;0;1;0;0
253;43;500;0;46300;-33000;1;0;0;1;0;3840;0;0;0;0;1
280;43;1000;1;0;-51600;1;0;0;2;0;77000;0;0;0;1;0
5;26;2000;0;31500;0;1;1;1;3;0;88110;0;0;0;1;0
220;42;1000;1;33500;-49500;4;0;0;2;1;47740;0;0;1;0;0
85;30;1000;0;72400;-77000;3;1;2;1;1;58960;0;0;0;1;0
266;46;500;0;0;-45800;1;0;1;2;0;2160;0;0;1;0;0
41;26;1000;0;46700;0;1;1;1;1;0;6890;0;0;0;0;1
316;45;2000;0;58300;0;3;0;2;0;1;78870;0;1;0;0;0
285;47;1000;0;55100;0;1;0;1;1;0;2700;0;0;0;0;1
379;54;500;0;41400;0;1;0;0;1;0;75960;0;0;0;1;0
15;34;2000;0;33500;-58900;1;1;1;3;0;75570;1;1;0;0;0
354;48;2000;0;0;0;1;0;2;3;1;90240;0;0;1;0;0
342;53;1000;0;0;0;1;0;0;0;0;80960;0;1;0;0;0
169;38;1000;1;23300;0;3;0;1;3;1;79080;0;0;0;1;0
339;49;2000;1;98800;-65300;1;0;0;3;0;6820;0;0;1;0;0
259;42;2000;0;65000;-49200;3;0;1;2;1;62590;0;0;0;1;0
65;23;1000;0;0;-71900;1;0;1;0;1;52400;1;1;0;0;0
254;46;2000;1;0;-90600;3;0;1;3;1;63580;0;1;0;0;0
440;55;500;0;0;-56200;3;1;2;1;0;61400;0;0;1;0;0
478;63;1000;1;47600;0;1;1;1;3;0;4700;1;0;1;0;0
230;44;2000;0;45400;-39400;1;0;0;2;1;74140;0;0;0;1;0
138;30;500;0;27700;-72400;1;0;2;2;0;83160;0;1;0;0;0
239;41;1000;0;51400;-6300;1;0;0;2;1;10790;0;0;0;0;1
93;31;2000;0;0;0;3;1;1;3;0;48070;0;1;0;0;0
37;25;1000;0;49300;0;3;1;0;0;1;51030;0;0;1;0;0
254;40;500;1;0;0;1;1;0;1;0;43280;1;0;1;0;0
131;29;1000;0;65700;0;1;0;1;3;0;76400;0;1;0;0;0
230;43;2000;1;48100;0;1;0;0;2;0;75460;0;0;0;1;0
313;50;2000;1;0;0;3;1;2;1;1;69000;1;1;0;0;0
210;38;500;1;0;0;1;0;1;2;0;8640;0;0;1;0;0
101;29;500;1;30000;-53000;3;0;2;1;0;67210;0;0;1;0;0
153;37;500;1;52300;-55600;3;0;0;3;0;42500;0;0;0;1;0
337;53;500;1;0;-34600;1;1;0;1;0;86400;0;0;1;0;0
360;51;1000;1;0;-32900;1;1;2;2;0;4620;1;0;1;0;0
428;53;1000;0;0;0;1;1;2;2;0;6930;0;0;0;0;1
204;40;500;0;0;0;3;1;1;2;1;41700;0;0;1;0;0
364;51;500;1;0;0;1;1;2;1;0;77330;1;1;0;0;0
185;35;2000;1;0;0;1;0;2;3;1;4950;0;0;0;0;1
63;26;500;1;0;-36500;1;0;0;2;1;5160;0;0;1;0;0
210;35;500;0;0;-19500;3;0;2;1;0;24570;1;0;0;1;0
194;38;2000;0;46500;0;3;0;1;0;0;53680;0;0;1;0;0
294;49;500;1;22700;0;3;1;1;1;1;42900;0;0;0;1;0
272;41;2000;1;38600;-42800;1;0;0;0;0;84100;1;0;1;0;0
27;27;2000;0;0;-55800;1;0;1;3;0;61560;0;0;0;1;0
251;39;2000;0;0;-31700;1;1;0;0;0;44240;0;0;1;0;0
180;33;2000;0;58100;-49000;4;0;2;3;1;57700;0;0;1;0;0
392;50;2000;0;68400;-66800;1;0;2;2;1;108030;0;0;1;0;0
143;30;500;0;0;-65700;1;0;2;0;1;54300;0;0;1;0;0
371;54;2000;1;34700;-81000;3;0;1;2;0;32280;1;1;0;0;0
292;42;1000;1;0;-53800;3;1;1;1;0;84600;0;0;0;1;0
165;35;500;1;0;-49900;1;0;1;3;1;69700;0;0;0;1;0
158;33;1000;1;0;0;3;0;0;1;0;36400;0;0;0;1;0
241;39;1000;0;0;-54900;3;0;0;2;1;37520;0;0;1;0;0
103;33;2000;0;69500;-47700;3;0;2;3;0;79090;0;1;0;0;0
402;54;2000;1;48000;-79600;1;0;0;2;1;67770;1;1;0;0;0
102;32;500;1;0;0;1;0;1;0;0;47400;1;0;0;1;0
182;40;1000;1;50000;-56900;1;1;0;2;0;71100;0;0;0;1;0
282;46;2000;1;51100;-75100;1;0;2;2;0;69400;0;0;1;0;0
222;39;500;1;71400;0;3;1;2;1;0;55000;1;1;0;0;0
415;52;1000;1;50400;0;2;1;1;3;1;51090;0;0;0;1;0
51;34;500;1;0;0;1;0;2;3;0;64200;1;1;0;0;0
255;45;500;1;0;-40200;1;0;2;0;1;67320;0;0;0;1;0
143;31;500;1;37700;0;4;1;2;0;0;76120;0;1;0;0;0
130;28;1000;0;0;-38500;2;1;2;1;0;85020;0;0;1;0;0
242;41;2000;1;0;-57000;3;0;0;1;0;68090;0;0;1;0;0
96;27;1000;0;0;0;1;0;1;2;0;6030;0;0;0;0;1
180;35;1000;1;0;-55800;1;0;1;3;0;5100;0;0;1;0;0
150;30;1000;1;40100;0;1;1;1;3;1;4590;0;0;0;0;1
463;59;1000;0;51700;0;2;0;1;2;0;72400;1;1;0;0;0
472;64;500;1;0;0;1;0;2;3;0;70900;0;1;0;0;0
75;25;1000;0;0;0;2;0;2;3;1;65100;0;0;0;1;0
193;40;500;0;0;0;3;0;2;1;1;64260;0;0;0;1;0
43;43;500;0;0;0;1;0;2;1;0;79970;1;1;0;0;0
253;41;1000;0;36600;0;1;0;2;0;0;56610;0;0;0;1;0
152;30;500;0;58600;0;1;1;1;1;0;84590;1;1;0;0;0
160;38;500;1;0;-43800;3;0;2;1;1;66780;0;1;0;0;0
56;36;500;1;0;-28800;1;1;1;2;1;58500;0;1;0;0;0
286;41;500;0;45500;-62500;1;0;2;0;0;5000;0;0;0;0;1
3;29;500;0;0;0;1;0;2;1;0;5000;1;0;0;0;1
286;41;1000;0;71300;-70300;3;0;1;3;1;54450;0;1;0;0;0
239;38;1000;0;0;0;3;0;1;3;0;61920;0;1;0;0;0
64;29;2000;1;0;-61400;1;0;1;2;0;43700;1;0;1;0;0
98;31;500;1;0;-26400;1;0;2;0;0;64080;0;0;1;0;0
16;35;1000;1;59300;-31400;1;0;2;1;0;55000;1;0;0;1;0
70;27;1000;0;46000;0;1;0;2;3;0;4400;0;0;0;0;1
75;27;1000;1;0;0;2;0;0;1;1;71640;0;0;1;0;0
246;44;1000;1;0;0;1;0;1;0;0;61740;0;0;1;0;0
110;27;1000;0;0;-66200;1;0;0;3;0;57500;0;0;0;1;0
236;39;1000;0;0;-63900;1;1;0;0;0;8700;0;0;1;0;0
267;46;2000;0;0;0;4;0;2;1;0;77100;0;0;0;1;0
463;57;500;1;0;0;1;0;2;0;1;59400;0;0;1;0;0
303;46;1000;1;0;0;3;0;1;0;0;54890;0;0;1;0;0
137;30;500;1;55600;-59700;3;0;2;1;0;74030;0;0;1;0;0
56;42;500;0;0;0;1;0;1;2;1;61490;0;0;0;1;0
75;27;1000;1;57900;-90100;3;0;0;2;1;79560;0;0;1;0;0
131;33;2000;1;0;-65200;1;0;0;1;0;4900;0;0;1;0;0
153;34;500;1;45600;-61400;3;0;1;0;0;77770;0;0;0;1;0
255;43;500;0;75800;0;2;0;2;2;0;74700;1;1;0;0;0
103;26;500;1;66300;0;2;0;2;2;0;40600;0;0;1;0;0
97;28;1000;1;0;-32600;1;0;1;0;0;45270;0;0;0;1;0
214;36;2000;0;0;0;3;0;0;3;0;47080;0;0;1;0;0
438;57;500;0;0;0;1;0;0;0;0;40700;1;0;1;0;0
87;27;500;0;0;0;1;0;2;1;1;34650;0;0;1;0;0
27;28;1000;1;0;0;1;0;2;0;0;3200;0;0;0;0;1
206;42;1000;1;0;-74200;1;0;1;1;0;78980;1;1;0;0;0
127;31;500;1;58200;0;1;1;1;0;0;6160;0;0;1;0;0
422;60;1000;0;43600;-67800;1;1;1;1;0;85250;0;1;0;0;0
303;50;2000;1;0;0;4;1;1;2;0;72840;0;1;0;0;0
228;40;500;1;43700;0;1;0;0;2;0;6050;0;0;0;0;1
239;39;2000;0;44200;-37000;1;0;2;3;1;87890;1;1;0;0;0
330;47;2000;0;0;-56400;2;0;0;2;1;60500;1;0;0;1;0
128;35;500;0;0;0;3;0;2;1;0;88220;0;0;1;0;0
147;37;1000;0;0;-48400;2;0;1;2;0;53680;0;0;0;1;0
287;45;1000;1;0;-54600;1;0;0;2;0;53800;0;0;1;0;0
142;29;2000;0;0;-48500;1;1;1;2;0;54360;1;1;0;0;0
162;35;2000;0;0;0;1;1;0;3;1;54340;0;1;0;0;0
140;35;1000;0;0;-42900;1;0;0;2;1;2860;1;0;0;0;1
106;28;2000;1;0;0;1;1;2;1;1;5490;0;0;1;0;0
292;45;1000;1;0;0;1;0;0;2;0;7370;0;0;0;0;1
34;34;500;0;0;0;3;0;1;0;0;50800;1;1;0;0;0
290;48;500;1;45300;0;2;0;1;1;0;41520;0;0;1;0;0
182;38;2000;0;53800;-78300;1;0;2;3;1;89650;0;0;0;1;0
362;55;1000;0;44400;-71500;3;0;0;3;0;39690;0;0;0;1;0
143;32;1000;0;79900;0;1;0;2;0;0;62260;0;1;0;0;0
183;38;500;0;20200;0;1;0;0;1;1;51920;1;1;0;0;0
254;40;500;1;0;-74400;1;0;2;2;0;53460;0;0;1;0;0
249;43;2000;0;0;-71200;3;1;2;1;1;57100;0;0;0;1;0
169;36;500;1;50700;-57600;3;0;2;3;0;77440;0;0;0;1;0
235;40;500;1;0;0;1;0;1;2;0;68300;0;0;1;0;0
112;32;1000;1;57800;-53700;1;0;0;2;0;5060;0;0;0;0;1
16;32;1000;1;50800;-66200;3;0;0;2;0;59400;1;0;0;1;0
128;31;500;0;0;-28300;3;0;0;2;0;69930;1;1;0;0;0
103;27;1000;0;0;-74800;3;1;1;1;0;77700;0;0;1;0;0
356;54;500;1;58500;-44000;3;0;2;1;0;68750;1;1;0;0;0
109;29;2000;0;0;0;3;0;1;3;1;91080;0;0;1;0;0
2;20;1000;0;0;-54700;1;0;1;3;1;48360;0;0;1;0;0
198;34;1000;1;0;-55100;1;1;1;1;1;95000;0;1;0;0;0
107;32;500;1;82100;0;1;0;1;3;0;3900;0;0;0;0;1
252;39;500;1;0;-33300;3;0;0;3;0;59400;1;0;1;0;0
303;43;1000;0;42900;-61500;1;0;2;0;0;60210;0;0;1;0;0
101;32;500;1;52600;-30400;1;0;0;3;1;43600;0;0;1;0;0
446;57;2000;1;42700;-64900;3;0;0;0;0;62800;0;0;0;1;0
330;48;1000;1;0;0;1;1;1;3;0;59500;0;1;0;0;0
211;37;2000;0;42200;-33800;3;1;1;0;0;53460;0;0;0;1;0
172;33;1000;0;41300;-42000;3;0;0;1;0;41690;0;0;0;1;0
316;46;500;0;0;-51000;1;0;0;1;1;63100;0;0;1;0;0
435;60;500;1;73500;-43300;1;0;2;1;0;62880;1;0;0;1;0
344;51;1000;0;0;-38700;3;0;2;2;1;75400;1;1;0;0;0
204;40;2000;1;0;-49300;1;1;1;1;0;46200;0;0;0;1;0
278;47;500;1;0;-39800;1;0;2;2;1;58500;0;1;0;0;0
434;57;2000;1;0;0;3;0;1;3;0;66240;0;1;0;0;0
209;36;2000;0;0;0;3;0;1;3;0;65440;0;0;0;1;0
250;43;2000;1;37800;0;1;0;0;3;0;64200;0;0;1;0;0
61;25;2000;0;0;0;3;1;1;0;0;32320;0;0;1;0;0
80;28;1000;0;0;-18600;1;0;0;1;0;33480;0;1;0;0;0
25;38;1000;1;40900;0;1;0;1;1;1;4320;0;0;0;0;1
4;29;500;1;0;-77800;1;0;0;2;0;4200;0;0;0;0;1
32;29;500;1;0;-45700;3;1;2;0;0;57970;0;0;1;0;0
125;31;500;1;55400;-40400;1;1;1;2;0;4320;0;0;0;0;1
276;45;500;0;44500;-61400;3;0;0;2;0;69300;0;0;1;0;0
148;30;500;0;57500;-93600;3;0;2;2;0;32480;0;0;1;0;0
222;38;2000;1;0;-64500;1;0;2;2;1;60480;0;0;0;1;0
32;38;2000;1;0;0;1;1;0;0;0;2640;0;0;0;0;1
78;27;500;1;0;-66500;1;0;0;3;0;6050;0;0;0;0;1
238;43;1000;1;0;-44800;4;0;0;0;0;42700;1;0;0;1;0
313;47;1000;1;63900;-53300;1;1;1;3;0;40260;1;1;0;0;0
334;50;500;1;26700;-47200;1;0;2;0;0;50000;0;1;0;0;0
190;35;500;0;0;0;1;0;0;1;0;3840;0;0;0;0;1
194;41;500;1;52500;-51300;3;0;0;2;0;95900;0;0;1;0;0
290;47;1000;1;0;-61400;3;1;1;3;1;56160;0;0;1;0;0
26;42;1000;1;50700;-36300;1;0;2;3;0;63030;0;1;0;0;0
254;41;500;0;42200;-48000;1;1;2;2;0;63470;0;0;1;0;0
199;38;1000;0;0;-53100;1;0;0;2;0;44440;1;1;0;0;0
137;35;500;1;48500;-67400;1;1;1;1;0;6600;0;0;1;0;0
134;36;1000;1;14100;-44500;3;0;2;0;1;77200;0;0;1;0;0
73;30;500;0;0;0;3;0;0;0;1;57000;0;0;0;1;0
289;45;2000;0;46700;-72500;1;0;2;1;0;2700;0;0;0;0;1
176;36;500;1;32800;-50600;1;0;2;1;1;47300;0;0;0;1;0
145;37;2000;0;0;-35900;1;0;2;3;0;55110;0;1;0;0;0
164;31;500;0;44500;-55900;1;1;1;0;0;4320;0;0;0;0;1
186;38;2000;0;39300;-60300;3;1;2;2;0;68760;1;0;0;1;0
85;31;2000;0;0;0;2;0;2;1;0;74400;1;1;0;0;0
162;33;500;0;45700;0;4;0;2;1;0;35300;1;1;0;0;0
396;57;500;1;0;-49400;1;1;1;3;0;2640;0;0;1;0;0
270;41;1000;1;62200;0;3;0;1;1;0;60190;1;0;0;1;0
168;39;1000;0;0;-42600;3;1;1;3;0;41580;1;1;0;0;0
274;45;1000;0;54700;-47900;1;1;0;0;0;58500;1;0;1;0;0
263;43;1000;0;0;0;1;1;2;3;1;79320;0;0;1;0;0
152;33;1000;0;0;0;1;1;0;2;0;82610;1;0;1;0;0
46;41;2000;0;43700;-66300;3;0;1;3;0;78600;1;0;0;1;0
276;46;2000;1;0;-70400;1;0;1;2;0;51390;1;0;1;0;0
234;44;500;1;0;0;1;0;1;0;0;70200;1;1;0;0;0
64;30;2000;1;0;-51100;1;0;2;1;0;4900;0;0;1;0;0
456;62;1000;0;82600;-49500;3;0;1;3;0;66480;1;1;0;0;0
58;23;2000;1;57500;0;1;0;2;1;0;50380;1;1;0;0;0
475;61;500;0;0;-59500;1;1;0;2;0;64350;0;1;0;0;0
96;29;1000;1;47500;-58700;3;1;2;3;1;55400;1;1;0;0;0
99;28;500;1;0;0;1;0;2;2;1;49900;0;0;0;1;0
38;28;500;1;78000;0;3;0;0;3;1;74880;0;0;1;0;0
259;44;2000;0;0;0;1;1;0;0;1;105820;0;0;1;0;0
241;43;1000;1;0;-36000;1;0;1;0;1;7150;0;0;0;0;1
437;58;2000;1;66100;-31400;1;1;0;0;0;55800;0;0;0;1;0
130;34;500;1;0;-41200;1;0;1;3;1;5830;0;0;0;0;1
269;41;2000;0;0;-46400;1;1;2;1;0;85900;1;1;0;0;0
103;29;500;1;72100;0;1;0;2;3;0;7110;0;0;1;0;0
284;43;500;1;48200;0;3;0;0;0;1;36960;0;0;0;1;0
189;39;2000;0;0;0;3;0;2;0;1;64400;0;0;1;0;0
267;43;500;1;49000;0;1;0;1;3;1;1920;0;0;1;0;0
39;22;500;1;0;0;1;1;0;1;1;86130;1;1;0;0;0
140;32;1000;0;0;0;1;0;2;3;0;82170;1;1;0;0;0
243;41;1000;0;17300;-60400;1;0;1;0;1;50300;1;1;0;0;0
116;31;500;0;28600;0;1;0;0;0;0;44200;0;1;0;0;0
219;43;1000;0;51300;0;1;0;2;2;1;66660;0;1;0;0;0
96;26;2000;0;10000;0;1;1;2;3;0;78320;0;0;0;1;0
149;34;500;0;0;-60000;1;0;0;1;0;105040;0;0;0;1;0
246;43;1000;1;0;0;1;0;2;1;0;50700;0;0;1;0;0
293;45;1000;0;51500;0;3;0;1;1;0;51210;0;0;0;1;0
339;48;500;1;0;0;3;0;2;1;0;51840;0;0;0;1;0
160;33;1000;0;61600;0;3;0;2;3;1;52800;0;0;0;1;0
224;42;500;0;0;-51400;1;0;0;0;1;55200;0;0;1;0;0
194;34;1000;1;55300;-37900;1;1;0;3;0;9100;0;0;1;0;0
385;51;1000;0;0;-61000;3;0;1;3;0;67600;0;0;1;0;0
100;33;500;1;67300;0;1;0;1;2;0;40800;0;0;1;0;0
371;50;1000;1;79600;0;3;0;2;1;1;84500;1;1;0;0;0
175;39;500;1;0;-43600;3;1;2;2;1;71610;1;1;0;0;0
373;55;500;1;0;0;4;0;0;2;0;60600;1;1;0;0;0
258;41;500;1;0;-44400;3;0;2;3;0;81240;1;1;0;0;0
255;39;500;0;38200;0;3;1;0;3;0;29300;0;0;0;1;0
37;31;500;0;0;0;3;0;1;1;1;76450;0;0;0;1;0
322;44;1000;0;49900;-62700;3;1;0;3;0;49400;0;1;0;0;0
204;38;2000;0;0;-45100;1;0;0;1;0;90530;0;0;0;1;0
76;31;500;0;39900;-44000;1;0;2;1;0;8030;0;0;1;0;0
193;40;500;0;34200;-32300;1;0;0;0;1;63900;0;0;1;0;0
405;55;500;1;57100;0;4;1;0;2;0;38640;0;0;1;0;0
435;58;2000;1;0;-40000;3;0;1;1;1;41490;0;0;0;1;0
54;35;500;0;68500;-42100;3;1;2;0;0;79090;0;0;1;0;0
144;35;500;1;0;0;3;0;0;0;0;87900;0;1;0;0;0
92;32;500;1;58900;-29100;1;0;2;3;1;53400;0;0;0;1;0
173;36;1000;1;51000;0;1;1;2;3;0;52030;0;0;0;1;0
436;60;500;1;67600;-65300;1;0;0;2;0;82060;0;0;1;0;0
155;35;1000;0;83600;0;1;0;0;3;0;48360;0;0;1;0;0
78;31;1000;0;72600;0;3;0;2;1;0;52290;0;0;1;0;0
440;57;1000;1;51500;-52100;3;1;0;3;0;68200;1;1;0;0;0
264;43;500;1;0;0;3;0;2;1;0;60750;1;1;0;0;0
66;30;500;0;21100;-60800;3;0;0;2;1;65560;1;1;0;0;0
366;50;1000;0;21200;0;3;1;1;3;0;70290;0;0;1;0;0
188;37;500;0;46300;0;1;0;2;0;1;45000;0;0;0;1;0
224;39;1000;0;0;-47100;3;1;2;1;0;61800;0;0;0;1;0
253;46;500;0;52900;0;3;1;0;0;0;64570;0;1;0;0;0
446;61;1000;0;49900;-62100;1;1;2;0;1;70500;0;0;1;0;0
169;37;1000;1;70600;-48500;3;0;2;1;1;57900;0;0;0;1;0
255;46;500;0;0;-52600;3;0;1;0;0;57860;0;0;1;0;0
209;39;500;1;67800;0;1;0;1;1;0;37800;0;0;1;0;0
210;37;500;0;38700;-33100;1;0;1;3;1;63300;0;0;0;1;0
174;33;2000;0;0;0;3;1;0;1;1;44200;0;0;0;1;0
70;28;1000;1;67200;-59400;4;0;1;0;1;31680;0;0;1;0;0
89;32;2000;0;49100;-45100;1;1;1;2;0;100;0;0;0;0;1
458;61;1000;0;53000;0;1;0;2;1;0;56340;0;0;1;0;0
239;40;500;0;0;0;3;0;0;0;1;69740;0;0;0;1;0
161;38;2000;1;60200;0;3;1;2;2;1;60480;0;0;0;1;0
446;61;1000;0;0;-15700;3;0;2;1;0;80880;0;0;1;0;0
476;61;1000;0;42800;-68200;1;0;1;2;1;49390;0;0;0;1;0
70;29;1000;0;62400;-52300;1;0;0;3;0;69360;0;0;1;0;0
233;41;2000;0;67100;0;1;0;0;1;0;3740;0;0;1;0;0
122;33;500;1;0;-48700;1;0;0;1;0;5060;0;0;0;0;1
335;48;2000;0;59900;-34800;3;0;0;0;1;35860;1;0;0;1;0
257;40;2000;1;46100;-46900;3;1;2;1;0;50050;1;1;0;0;0
85;27;2000;1;50400;-61500;4;1;0;0;0;59070;0;0;1;0;0
133;30;1000;1;0;-31700;3;0;1;2;0;28440;0;0;1;0;0
119;34;500;0;57100;0;1;1;2;1;1;45540;1;1;0;0;0
169;34;500;0;0;-57600;1;0;0;0;1;38700;0;0;1;0;0
225;39;500;1;83900;-52100;1;1;2;1;1;5830;0;0;0;0;1
84;32;500;0;0;0;1;1;0;2;0;57240;1;0;0;1;0
169;39;2000;1;0;-36800;3;1;0;3;0;46200;0;0;0;1;0
124;32;1000;0;29300;0;1;1;0;1;0;57700;0;0;0;1;0
320;48;2000;1;46300;-41700;3;0;2;0;0;56160;0;0;1;0;0
297;47;500;1;0;-59500;3;0;0;3;1;44400;0;0;0;1;0
421;56;500;1;49500;-81100;1;0;2;3;0;92730;1;1;0;0;0
136;33;1000;0;37900;0;1;1;0;1;1;30700;0;0;1;0;0
46;24;2000;0;46800;0;1;0;2;0;0;56600;0;1;0;0;0
34;24;2000;0;0;-27700;1;1;0;1;0;3960;0;0;0;0;1
95;30;2000;1;48900;0;1;1;0;3;0;34800;0;0;1;0;0
140;36;500;0;43200;0;3;0;2;0;1;79500;0;0;1;0;0
200;34;1000;0;0;0;1;0;2;2;0;56000;0;0;0;1;0
123;29;500;0;64800;-44200;1;1;1;0;1;73260;1;0;1;0;0
267;46;2000;1;35000;0;1;1;2;3;1;4950;0;0;0;0;1
290;42;500;1;32500;0;1;0;0;1;0;48000;0;0;1;0;0
45;37;1000;1;0;0;1;1;0;1;1;52200;0;1;0;0;0
186;38;2000;0;80900;-111100;3;0;2;3;0;73800;0;0;1;0;0
135;34;2000;0;0;-69600;1;0;1;2;0;78200;0;0;0;1;0
110;33;1000;1;0;0;1;0;2;3;0;55200;1;1;0;0;0
259;43;2000;0;0;-58300;3;0;0;2;1;57060;0;0;0;1;0
114;30;1000;0;0;-34700;1;0;0;3;1;4680;0;0;1;0;0
404;56;1000;0;0;-63700;1;0;2;0;1;53100;1;0;1;0;0
282;48;2000;0;26900;-55300;1;0;1;2;0;3520;0;0;1;0;0
57;25;2000;0;63100;-54100;3;0;0;1;1;72900;0;0;0;1;0
215;38;500;0;0;0;1;0;0;1;0;70700;0;0;0;1;0
140;30;500;0;100500;0;4;0;0;0;0;60170;0;0;1;0;0
250;42;500;1;69500;-40700;1;0;1;1;0;74800;1;1;0;0;0
286;41;1000;1;25800;0;1;1;2;0;0;4100;0;0;0;0;1
356;47;2000;1;0;0;1;1;0;3;0;61490;0;0;1;0;0
65;29;1000;1;0;0;1;0;0;0;0;7200;0;0;0;0;1
187;34;500;0;59500;0;3;0;0;0;0;45100;0;0;1;0;0
386;53;500;1;36800;0;1;0;2;3;1;66660;0;0;1;0;0
197;41;1000;0;0;-64500;1;0;2;2;1;76400;1;1;0;0;0
166;37;500;0;0;0;1;1;1;1;0;58300;0;0;0;1;0
293;49;2000;0;34900;0;1;0;1;1;0;57310;0;0;0;1;0
179;32;2000;0;0;0;1;0;0;1;0;53100;0;0;1;0;0
76;24;1000;0;0;0;3;0;1;1;0;74700;0;0;0;1;0
105;28;500;0;0;0;3;0;2;2;0;60500;0;1;0;0;0
97;26;1000;1;0;-72100;3;1;2;3;0;84920;1;0;0;1;0
148;36;1000;0;55100;0;1;0;2;0;0;61050;0;0;0;1;0
77;26;2000;1;49700;0;3;1;2;0;0;69080;1;1;0;0;0
295;46;500;0;52200;-44500;1;1;1;3;1;4560;0;0;1;0;0
126;28;500;0;0;0;4;0;0;1;0;67800;0;0;0;1;0
132;32;2000;1;43100;-31900;1;1;1;1;1;5600;0;0;1;0;0
370;55;2000;1;0;-53200;1;0;0;2;0;9000;0;0;1;0;0
257;43;1000;0;52100;0;1;0;0;1;1;85320;0;0;0;1;0
9;24;2000;0;51700;-33300;1;0;0;3;1;5940;1;0;0;0;1
185;34;500;0;0;0;3;1;1;1;0;51370;1;1;0;0;0
234;43;500;1;0;-48800;1;0;2;2;1;51600;0;1;0;0;0
253;44;2000;0;45800;0;1;0;0;3;0;5400;0;0;0;0;1
233;39;2000;1;0;0;3;0;1;0;1;48870;0;0;1;0;0
274;44;500;0;0;0;1;0;2;1;0;5590;0;0;1;0;0
297;48;1000;1;0;-71400;3;0;0;2;0;54960;1;1;0;0;0
273;47;1000;0;59600;0;3;0;1;3;0;39800;0;0;1;0;0
147;37;2000;0;0;0;3;0;0;1;0;56160;1;1;0;0;0
285;42;500;1;63100;-79400;1;0;0;3;0;52700;0;0;0;1;0
289;43;1000;0;0;0;3;1;1;3;0;68580;0;0;1;0;0
427;60;1000;1;0;-54400;1;1;1;2;1;90860;1;1;0;0;0
380;53;2000;1;0;0;1;0;0;3;0;5700;0;0;0;0;1
13;21;1000;1;0;-75000;3;1;2;0;1;94930;0;0;0;1;0
282;43;500;1;75800;0;1;0;1;2;0;46800;1;1;0;0;0
312;47;1000;0;66900;-51800;3;0;2;3;0;56320;0;0;0;1;0
266;46;2000;1;0;-41400;1;0;1;3;1;83490;0;0;1;0;0
30;36;500;0;0;-63500;3;0;2;2;0;57900;0;0;0;1;0
198;36;1000;1;0;0;3;0;1;3;1;49410;0;0;0;1;0
290;45;2000;1;54400;0;3;0;0;1;0;66200;0;0;1;0;0
260;46;2000;1;35000;0;1;0;0;1;0;64080;0;0;1;0;0
233;43;1000;0;0;0;3;0;2;3;1;42500;0;0;1;0;0
130;30;2000;1;0;-40800;3;0;2;3;0;48950;0;0;0;1;0
230;42;1000;0;0;-45300;3;0;1;2;1;58850;0;0;1;0;0
212;40;1000;0;73200;0;3;1;0;2;1;82400;0;0;1;0;0
299;44;1000;0;0;-48800;1;1;2;0;0;54240;0;0;1;0;0
91;26;1000;0;52700;0;3;0;0;2;0;74200;0;0;1;0;0
398;53;2000;0;21500;0;1;1;2;1;0;47430;0;0;0;1;0
218;43;500;0;61100;-64500;1;0;1;3;1;68200;1;1;0;0;0
152;33;1000;0;0;0;1;0;1;0;0;63900;0;0;1;0;0
212;39;1000;0;60300;-58900;2;0;0;3;1;59300;0;0;0;1;0
242;44;2000;0;0;-61600;3;0;1;2;1;66900;1;0;1;0;0
80;27;500;1;0;-51000;3;1;1;3;0;40810;1;1;0;0;0
260;43;500;0;54500;-72100;1;0;1;0;0;75400;0;0;0;1;0
133;34;500;0;70900;-61100;1;0;2;0;1;4200;0;0;1;0;0
290;45;1000;0;38500;0;3;1;0;0;1;52650;1;1;0;0;0
322;49;2000;0;0;-46000;1;0;0;2;1;42240;0;1;0;0;0
228;39;500;0;35200;0;1;1;1;0;1;59490;0;0;1;0;0
195;37;1000;1;0;0;1;0;0;2;0;44200;1;1;0;0;0
247;39;500;0;0;-49300;1;1;1;2;0;7700;0;0;0;0;1
405;57;1000;1;46300;0;3;0;2;3;0;61440;0;0;0;1;0
144;37;2000;0;73700;0;3;1;1;3;0;54400;1;1;0;0;0
338;47;500;1;0;0;1;1;2;1;0;58560;0;0;0;1;0
121;34;500;1;0;0;1;0;1;1;0;67300;1;1;0;0;0
398;55;2000;1;66200;-49700;1;0;1;3;1;36740;1;1;0;0;0
9;30;1000;0;0;0;1;0;0;0;0;85690;0;0;0;1;0
115;31;1000;0;0;0;3;1;0;3;0;34160;1;1;0;0;0
280;48;1000;1;0;-72000;1;0;2;2;0;61320;0;0;1;0;0
254;45;500;1;59800;0;3;1;0;0;0;79680;0;0;0;1;0
141;30;1000;0;78800;0;1;0;1;0;1;61740;0;0;0;1;0
441;55;500;1;24000;-50500;1;0;0;0;0;6400;0;0;1;0;0
381;55;500;0;35900;0;1;1;1;2;1;60600;0;1;0;0;0
191;38;2000;0;0;0;3;0;2;0;0;56320;0;1;0;0;0
145;34;1000;0;0;0;1;1;2;0;0;52250;0;0;0;1;0
479;60;1000;0;0;-44800;2;0;0;3;0;53900;0;0;0;1;0
215;35;1000;1;40000;-43400;1;0;2;1;0;2640;0;0;0;0;1
41;33;500;1;0;0;1;1;0;0;0;8970;0;0;1;0;0
45;31;500;1;0;0;1;0;1;3;0;6000;0;0;1;0;0
156;38;500;1;26500;0;3;0;0;3;0;55200;1;1;0;0;0
246;45;500;1;0;0;1;0;0;3;1;7260;0;0;0;0;1
178;39;500;0;0;0;3;0;2;0;0;64680;0;0;1;0;0
237;43;500;0;53200;0;1;0;0;1;0;59200;0;1;0;0;0
127;34;500;0;73700;0;1;1;1;3;0;4700;0;0;1;0;0
1;33;2000;1;61200;0;1;1;0;3;0;69400;0;0;0;1;0
5;21;500;0;0;0;1;1;0;0;0;40500;0;0;0;1;0
64;28;1000;1;56800;-51800;3;0;2;1;0;60000;0;0;1;0;0
142;30;500;1;66400;-63700;1;1;2;3;0;67320;0;0;1;0;0
97;27;500;0;56700;-49300;3;1;2;1;1;75690;0;0;0;1;0
121;31;1000;1;51300;0;3;0;1;2;0;64300;1;1;0;0;0
225;43;1000;1;0;-20900;3;0;2;0;1;64400;0;1;0;0;0
425;53;2000;0;42900;-39100;3;0;1;2;0;97080;0;0;1;0;0
285;44;2000;1;52600;0;1;1;1;0;0;5500;0;0;1;0;0
192;38;1000;0;65100;-50300;3;0;0;2;0;30700;0;0;0;1;0
285;48;2000;0;46100;0;1;0;1;2;1;33480;0;0;1;0;0
98;26;2000;1;0;-30900;2;0;0;1;1;65430;0;0;0;1;0
175;36;500;1;44900;-52500;3;1;2;1;1;42680;1;1;0;0;0
259;45;2000;1;30100;0;1;0;1;1;0;87780;0;0;1;0;0
140;36;2000;0;0;-67000;4;1;0;2;1;72800;0;1;0;0;0
231;37;500;0;0;0;1;1;2;0;0;71190;1;1;0;0;0
186;38;500;1;70300;-70900;1;0;1;1;1;3600;0;0;0;0;1
229;41;2000;1;65400;0;1;0;1;3;0;62640;0;1;0;0;0
180;36;500;1;0;0;3;1;2;1;0;69630;0;0;1;0;0
188;33;1000;1;0;-68800;3;1;1;0;0;76010;1;0;1;0;0
214;40;1000;1;57700;-43500;1;0;1;0;1;44220;0;0;0;1;0
178;38;500;0;0;0;3;0;0;3;0;57200;0;0;1;0;0
55;35;500;1;0;0;1;0;0;3;0;3080;0;0;1;0;0
90;31;2000;0;42100;0;1;1;1;0;1;75790;0;0;0;1;0
135;30;2000;0;37100;-46500;3;0;0;1;0;32670;0;0;1;0;0
277;46;2000;0;0;-65500;1;0;2;3;0;3870;0;0;1;0;0
211;38;1000;0;0;0;1;0;0;3;1;91520;1;0;0;1;0
156;32;500;1;0;0;1;1;1;3;1;74690;1;1;0;0;0
84;30;2000;1;0;-15900;1;1;1;3;0;4620;0;0;0;0;1
136;32;500;0;0;0;1;1;0;0;0;55000;1;1;0;0;0
310;48;500;0;11000;0;4;1;0;2;0;59400;1;1;0;0;0
123;34;2000;0;16100;-61200;3;0;1;1;0;55260;0;0;0;1;0
243;44;500;1;33200;0;3;0;2;1;1;51400;0;0;1;0;0
36;37;1000;0;0;-59800;3;1;1;3;0;48780;0;0;1;0;0
146;31;1000;0;0;0;3;0;1;3;0;52380;0;1;0;0;0
154;34;1000;0;53100;-43900;4;0;2;3;1;74360;1;0;0;1;0
204;40;1000;1;44000;-20800;1;0;1;0;0;53400;0;0;1;0;0
458;59;1000;0;31400;0;1;0;2;2;1;71800;0;0;0;1;0
147;31;500;0;51900;0;1;0;0;0;0;68240;1;1;0;0;0
279;45;2000;0;61100;-30700;3;0;1;0;0;61050;1;1;0;0;0
308;47;1000;0;45700;-41400;1;0;1;1;1;5590;0;0;1;0;0
284;48;500;0;47900;0;3;0;0;0;0;46860;0;1;0;0;0
108;31;2000;0;52800;-54300;1;0;1;3;0;4290;0;0;1;0;0
421;57;2000;0;69900;0;3;1;0;0;0;78500;0;0;1;0;0
266;42;1000;1;12800;-49700;1;1;1;3;1;70830;0;0;0;1;0
412;56;500;1;0;-66100;3;0;0;2;0;68040;0;0;0;1;0
31;32;2000;0;46800;-87300;1;0;2;0;0;63600;1;1;0;0;0
465;63;500;0;0;0;1;0;0;3;0;43560;0;0;1;0;0
126;31;1000;1;42300;-45800;1;0;1;1;0;60840;0;0;0;1;0
407;55;1000;0;0;-57700;3;0;2;3;1;68160;0;0;0;1;0
101;27;500;0;30800;-43700;1;0;1;0;0;5170;0;0;1;0;0
187;37;1000;0;60100;0;1;0;0;3;0;57700;0;0;0;1;0
252;46;2000;0;0;0;3;0;0;2;0;89520;0;0;0;1;0
229;43;2000;1;42600;-44400;1;0;1;0;1;4620;0;0;1;0;0
246;39;1000;0;0;-36600;1;1;0;3;0;45180;0;0;1;0;0
190;38;500;1;61900;-50000;1;1;0;0;0;45100;0;0;0;1;0
95;32;2000;1;67800;-48600;3;1;0;3;1;83160;0;0;0;1;0
205;42;2000;0;0;0;1;0;2;1;0;86130;0;0;1;0;0
41;25;1000;1;35400;0;3;0;1;3;0;48000;0;1;0;0;0
137;35;500;0;0;-45300;1;0;0;0;1;3300;0;0;1;0;0
194;34;500;0;67800;0;3;0;1;2;1;57200;0;0;1;0;0
128;35;1000;0;0;-48800;1;0;2;0;0;7590;0;0;0;0;1
150;37;1000;0;30400;-89400;1;0;0;2;0;80080;0;0;0;1;0
104;30;500;0;0;-70100;1;0;0;0;1;4800;0;0;1;0;0
163;37;1000;0;0;-36400;1;0;2;1;1;3900;1;0;1;0;0
80;26;1000;1;64600;0;1;0;0;0;0;90400;0;0;1;0;0
65;29;2000;0;0;0;3;1;0;0;0;62900;0;0;1;0;0
179;32;1000;0;53800;0;1;1;1;2;0;54200;1;1;0;0;0
372;50;2000;0;0;0;3;0;2;2;1;51800;0;1;0;0;0
398;55;500;1;69400;0;1;0;2;3;0;6600;0;0;0;0;1
213;35;500;1;58500;-77700;1;1;2;0;1;74140;0;0;0;1;0
79;25;500;0;53400;-35200;1;0;2;1;0;67800;0;0;0;1;0
232;44;2000;1;25800;0;1;0;1;1;1;55400;1;1;0;0;0
230;37;1000;1;0;-51500;1;1;2;3;0;49100;1;1;0;0;0
234;41;500;0;59400;-78600;3;0;2;1;0;98280;1;1;0;0;0
240;40;500;0;0;-70900;2;1;0;2;0;66550;0;0;0;1;0
143;33;1000;0;38400;-5700;3;0;2;2;0;70400;0;1;0;0;0
266;42;500;1;0;-49600;3;0;1;1;0;53280;1;1;0;0;0
89;32;1000;0;27600;0;1;0;2;3;1;84590;0;0;0;1;0
229;37;1000;0;0;-55400;1;0;0;2;1;54560;0;0;0;1;0
245;40;1000;1;39300;0;1;1;0;2;1;82170;0;0;1;0;0
50;44;2000;1;0;-65800;3;0;1;2;0;61100;0;0;0;1;0
230;43;2000;1;28900;0;3;0;0;3;1;51900;1;0;1;0;0
17;39;1000;0;32500;-80800;1;0;2;1;0;3440;0;0;0;0;1
163;36;1000;1;55700;-49900;1;1;2;1;0;51390;0;0;0;1;0
29;32;1000;1;0;-21500;1;0;0;2;0;76900;0;1;0;0;0
232;42;500;1;0;-58400;1;1;2;3;0;77000;1;0;1;0;0
235;39;2000;1;0;0;1;0;0;3;0;60320;1;1;0;0;0
295;46;500;0;0;0;1;1;1;1;0;60700;0;0;1;0;0
22;21;1000;0;37500;-54000;3;1;1;2;0;53280;0;0;0;1;0
286;43;500;0;77500;-32800;1;0;2;2;1;34290;0;0;1;0;0
257;44;1000;1;59400;-32200;1;0;0;1;0;46980;0;0;0;1;0
94;26;500;1;50300;0;3;1;1;2;1;36700;0;1;0;0;0
124;28;1000;1;0;-32100;3;0;0;1;0;60200;0;0;0;1;0
141;30;1000;1;0;-82100;1;0;1;2;1;6480;0;0;1;0;0
3;38;1000;0;0;0;1;1;0;1;0;87200;0;0;1;0;0
285;41;1000;0;70900;0;1;1;2;3;0;108480;0;1;0;0;0
130;34;500;0;35100;0;3;0;2;3;1;67500;0;0;1;0;0
458;62;2000;1;0;0;1;0;0;1;1;46980;0;1;0;0;0
456;60;1000;0;0;0;1;0;0;3;0;5060;0;0;1;0;0
